{"Gryffindor": [0.012029499982338756, 1.1422947273762507, -1.74496274556533, -0.9534651450642653, 0.7330508127345525, -0.3959911647650494, 1.772621789186515, -2.1836719512625, -2.4045049537524132, -0.7673141813224078, 0.023411017726839033, -1.3238612805283627, 2.3624242043527497], "Hufflepuff": [-0.37949846664250675, 2.1793978087117107, 2.3452747386496466, -3.154075380904822, 0.868384021750432, -1.6732445957289417, -3.046936738508191, 1.1627142868130933, 1.2177989604221908, -1.0828781363481659, -0.3556638004441651, -0.18814289135398407, -1.6255538217191916], "Ravenclaw": [-1.4783088181254327, -3.4537225036229002, 0.9427495490485696, 0.7540059214261277, 0.1862474495805874, 2.531223195787959, 1.5874902623366058, -0.7691684774470631, -0.8663822917959648, -1.2821343686126196, -1.087236898555466, 2.6643647249157216, -1.3840555180442722], "Slytherin": [0.25297231936527015, -1.5980020567420095, -1.8985411349402523, 2.0852407395809025, -2.890863293968031, -0.8770318863346444, -1.3092908559299459, 0.7738091751512861, 0.9426384797919296, 1.6085502148169264, 0.19664431360043663, -1.3664281021992197, -1.1105984261627535]}