House,Arithmancy,Astronomy,Herbology,Defense Against the Dark Arts,Divination,Muggle Studies,Ancient Runes,History of Magic,Transfiguration,Potions,Care of Magical Creatures,Charms,Flying
Gryffindor,-1.837587397337259,1.1833308452223836,-4.236482506474747,-0.8140511679997144,2.673364933941083,0.39109591361449114,4.23368743504101,-3.308485012174162,-4.126682506420627,-0.8274263491926084,0.29524808446256384,-1.1156340825468134,4.553447454474603
Hufflepuff,-0.30071440380703973,4.375184467688264,6.063676006237045,-7.237642487164928,1.7645009892809846,-4.420810999929872,-6.886732151588289,2.665826793231499,2.2326837424635086,-2.5743514344202674,-0.9338304334770928,-0.012137090683579127,-4.3121863348952525
Ravenclaw,-2.1880142033421612,-7.021538949143255,2.8113802016451803,-0.17076979482401677,0.8395103112877983,5.006751244767568,4.257060252720381,-2.086647337014065,-2.660398159655931,-3.0024178425335744,-1.0909788107994396,5.888837062750283,-3.663593504005738
Slytherin,1.2003099731751605,-2.534748158541843,-3.544972903409237,4.847572536366839,-6.277642923645999,-2.0779464762827837,-2.9537371999714064,1.461041803505773,3.080942943479585,3.7129763969112255,-0.0730299362683625,-3.4695630681637093,-1.4066891426109573
